{
    "parent": "item/musket/musket_idle",
    "overrides": [
	{
            "predicate": {
                "pulling": 1
            },
            "model": "item/musket/musket_loading_0"
        },
        {
            "predicate": {
                "pulling": 1,
                "pull": 0.167
            },
            "model": "item/musket/musket_loading_1"
        },
		{
            "predicate": {
                "pulling": 1,
                "pull": 0.5
            },
            "model": "item/musket/musket_loading_2"
        },
		{
            "predicate": {
                "pulling": 1,
                "pull": 0.7
            },
            "model": "item/musket/musket_loading_3"
        },
		{
            "predicate": {
                "pulling": 1,
                "pull": 0.8
            },
            "model": "item/musket/musket_loading_4"
        },
		{
            "predicate": {
                "pulling": 1,
                "pull": 0.9
            },
            "model": "item/musket/musket_loading_5"
        },
        {
            "predicate": {
                "pulling": 1,
                "pull": 1
            },
            "model": "item/musket/musket_loading_5"
        },
        {
            "predicate": {
                "charged": 1
            },
            "model": "item/musket/musket_primed"
        },
        {
            "predicate": {
                "charged": 1,
                "firework": 1
            },
            "model": "item/musket/musket_firework"
        }
    ]
}